<?xml version='1.0' encoding='UTF-8' ?>
<timeLogEntries>
  <time id="2" path="/Proyecto/Tarea integradora/PSP0.1/Planning" start="@1632017464112" delta="4" />
  <time id="3" path="/Proyecto/Tarea integradora/PSP0.1/Planning" start="@1632080160836" delta="32" />
  <time id="4" path="/Proyecto/Tarea integradora/PSP0.1/Design" start="@1632082057332" delta="97" />
  <time id="5" path="/Proyecto/Tarea integradora/PSP0.1/Design" start="@1632486146282" delta="85" />
  <time id="6" path="/Proyecto/Tarea integradora/PSP0.1/Code" start="@1632491257482" delta="160" interrupt="20" />
  <time id="7" path="/Proyecto/Tarea integradora/PSP0.1/Design" start="@1632502101836" delta="152" />
  <time id="9" path="/Proyecto/Tarea integradora/PSP0.1/Code" start="@1632491271000" delta="122" />
  <time id="10" path="/Proyecto/Tarea integradora/PSP0.1/Design" start="@1632617045335" delta="157" />
  <time id="11" path="/Proyecto/Tarea integradora/PSP0.1/Code" start="@1632706572109" delta="39" />
  <time id="12" path="/Proyecto/Tarea integradora/PSP0.1/Code" start="@1632712281091" delta="156" />
  <time id="13" path="/Proyecto/Tarea integradora/PSP0.1/Code" start="@1632849402218" delta="337" />
  <time id="14" path="/Proyecto/Tarea integradora/PSP0.1/Code" start="@1632889595388" delta="204" interrupt="1" />
  <time id="15" path="/Proyecto/Tarea integradora/PSP0.1/Compile" start="@1632901890525" delta="90" />
  <time id="16" path="/Proyecto/Tarea integradora/PSP0.1/Code" start="@1632907292411" delta="38" />
  <time id="17" path="/Proyecto/TI2/PSP0.1/Planning" start="@1635059663000" delta="154" comment="Lectura y comprendsión del problema" />
  <time id="18" path="/Proyecto/TI2/PSP0.1/Planning" start="@1635146181000" delta="61" comment="División de trabajo" />
  <time id="19" path="/Proyecto/TI2/PSP0.1/Design" start="@1635319128000" delta="83" comment="Diseño base del diagrama de clases" />
  <time id="20" path="/Proyecto/TI2/PSP0.1/Design" start="@1637997587000" delta="46" comment="Corrección del diagrama de clases" />
  <time id="21" path="/Proyecto/TI2/PSP0.1/Code" start="@1635535292000" delta="212" comment="Programar base de estrcuturas  " />
  <time id="22" path="/Proyecto/TI2/PSP0.1/Code" start="@1638224625000" delta="142" comment="Pulir estrcuturas" />
  <time id="23" path="/Proyecto/TI2/PSP0.1/Code" start="@1635697491000" delta="352" comment="Sincronización con interfaz" />
  <time id="24" path="/Proyecto/TI2/PSP0.1/Code" start="@1635773302000" delta="202" comment="" />
</timeLogEntries>
