<?xml version='1.0' encoding='UTF-8' ?>
<timeLogEntries>
  <time id="1" path="/Integradora/PSP0/Planning" start="@1632024182235" delta="13" interrupt="2" />
  <time id="2" path="/Integradora/PSP0/Planning" start="@1632067302282" delta="4" />
  <time id="3" path="/Integradora/PSP0/Planning" start="@1632081569641" delta="8" />
  <time id="4" path="/Integradora/PSP0/Design" start="@1632082061378" delta="90" />
  <time id="5" path="/Integradora/PSP0/Design" start="@1632486441356" delta="89" />
  <time id="6" path="/Integradora/PSP0/Design" start="@1632627811861" delta="244" />
  <time id="7" path="/Integradora/PSP0/Design" start="@1632706488772" delta="101" />
  <time id="8" path="/Integradora/PSP0/Code" start="@1632712536611" delta="34" />
  <time id="9" path="/Integradora/PSP0/Design" start="@1632714603953" delta="33" />
  <time id="10" path="/Integradora/PSP0/Code" start="@1632716612677" delta="83" />
  <time id="11" path="/Integradora/PSP0/Design" start="@1632889363272" delta="25" />
  <time id="12" path="/Integradora/PSP0/Code" start="@1632890859161" delta="153" />
  <time id="13" path="/Integradora/PSP0/Design" start="@1632900017132" delta="166" />
  <time id="14" path="/Integradora 2/PSP0/Planning" start="@1635433783868" delta="193" />
  <time id="15" path="/Integradora 2/PSP0/Design" start="@1635445391435" delta="46" />
  <time id="16" path="/Integradora 2/PSP0/Design" start="@1635450872112" delta="296" interrupt="62" />
  <time id="17" path="/Integradora 2/PSP0/Code" start="@1635472362932" delta="165" />
  <time id="18" path="/Integradora 2/PSP0/Code" start="@1635482323790" delta="51" />
  <time id="19" path="/Integradora 2/PSP0/Code" start="@1635523422480" delta="50" />
  <time id="20" path="/Integradora 2/PSP0/Code" start="@1635618673418" delta="101" />
  <time id="21" path="/Integradora 2/PSP0/Code" start="@1635630420414" delta="111" />
  <time id="22" path="/Integradora 2/PSP0/Code" start="@1635653959120" delta="81" />
</timeLogEntries>
