<?xml version='1.0' encoding='UTF-8' ?>
<timeLogEntries>
  <time id="23" path="/Integradora 2/PSP0/Code" start="@1635715554588" delta="77" flag="A" />
  <time id="24" flag="D" />
  <time id="17" start="@1635472362000" comment="Creación de las estructuras" flag="M" />
  <time id="14" comment="Analizar el enunciado" flag="M" />
  <time id="15" comment="Creación de los TAD" flag="M" />
  <time id="16" comment="Creación metodo de la ingeniería" flag="M" />
  <time id="18" comment="Creación de las estructuras" flag="M" />
  <time id="19" comment="Creación de la interfaz " flag="M" />
  <time id="20" comment="Creación de la interfaz" flag="M" />
</timeLogEntries>
