<?xml version='1.0' encoding='UTF-8' ?>
<timeLogEntries>
  <time id="1" path="/Proyecto/Tarea Integradora I/PSP0.1/Planning" start="@1632146912000" delta="14" comment="Última idea de solución añadida" />
  <time id="2" path="/Proyecto/Tarea Integradora I/PSP0.1/Planning" start="@1632194080000" delta="42" interrupt="4" comment="Creación de ideas creativas de solución" />
  <time id="3" path="/Proyecto/Tarea Integradora I/PSP0.1/Design" start="@1632486400742" delta="145" />
  <time id="4" path="/Proyecto/Tarea Integradora I/PSP0.1/Design" start="@1632621665509" delta="50" />
  <time id="5" path="/Proyecto/Tarea Integradora I/PSP0.1/Code" start="@1632624645369" delta="62" />
  <time id="6" path="/Proyecto/Tarea Integradora I/PSP0.1/Design" start="@1632629902261" delta="9" />
  <time id="7" path="/Proyecto/Tarea Integradora I/PSP0.1/Design" start="@1632712364616" delta="3" />
  <time id="8" path="/Proyecto/Tarea Integradora I/PSP0.1/Code" start="@1632712518733" delta="12" />
  <time id="11" path="/Proyecto/Tarea Integradora I/PSP0.1/Code" start="@1632877663681" delta="280" interrupt="38" comment="Implementación interfaz" />
  <time id="12" path="/Proyecto/Tarea Integradora I/PSP0.1/Code" start="@1632899083251" delta="74" />
  <time id="13" path="/Proyecto/Tarea Integradora I/PSP0.1/Test" start="@1632795276000" delta="167" comment="Implementación testcase" />
  <time id="14" path="/Proyecto/Tarea Integradora I/PSP0.1/Planning" start="@1632905780353" delta="26" />
  <time id="15" path="/Proyecto/BasketballTeam/PSP0.1/Planning" start="@1635434274069" delta="63" comment="Levantamiento de requerimientos, revisión. Definir problema e información" />
  <time id="16" path="/Proyecto/BasketballTeam/PSP0.1/Planning" start="@1635448200061" delta="99" comment="Método de la ingeniería " />
  <time id="17" path="/Proyecto/BasketballTeam/PSP0.1/Design" start="@1635454153526" delta="145" comment="Bosquejo interfaces de usuario, conexión entre ellas" />
  <time id="18" path="/Proyecto/BasketballTeam/PSP0.1/Planning" start="@1635609909682" delta="56" comment="Comparación de soluciones creativas" />
  <time id="19" path="/Proyecto/BasketballTeam/PSP0.1/Code" start="@1635668624686" delta="51" comment="Estructura general del proyecto, base de datos" />
  <time id="20" path="/Proyecto/BasketballTeam/PSP0.1/Design" start="@1635671694207" delta="21" comment="Diseño de interfaces" />
  <time id="21" path="/Proyecto/BasketballTeam/PSP0.1/Code" start="@1635672929695" delta="31" comment="Implementación interfaz de usuario " />
</timeLogEntries>
